8000035,DFT
8000069,DFT
8000080,DFT
8000082,DFT
8000094,DFT
8000120,DFT
8000123,DFT
8000133,JBW/NPO
8000149,DFT
8000164,DFT
8000173,DFT
8000174,DFT
8000189,DFT
8000203,JBW/NPO
8000211,DFT
8000233,DFT
8000245,DFT
8000246,DFT
8000259,DFT
8000262,DFT
8000286,DFT
8000288,DFT
8000303,DFT
8001553,NSI
8002882,UOE
8003620,OWE
8004418,ATT
8004671,UOE
8004976,UOE
8005022,ATT
8005623,JSN
8006568,JSN
8008329,YUG
8008615,ACO/GIS/LTJ
8008916,JSN
8008991,ACO/GIS/LTJ
8009111,ATT
8009182,ATT
8009490,ACO/GIS/LTJ
8009632,UOE
8009700,UOE
8009726,SOD
8010456,CAN
8010697,JSN
8011004,YUG
8011920,ACO/GIS/LTJ
8013527,OWE
8013782,AFY
8013963,ATT
8013976,ATT
8014099,OWE
8014137,UOE
8014151,ATT
8014175,ATT
8014593,ACO/GIS/LTJ
8014887,ATT
8015047,YUG
8015415,AFY
8015492,BRE
8015504,OWE
8015588,ATT
8015636,ATT
8015804,ACO/GIS/LTJ
8016512,AFY
8017189,SBN/THO
8017268,ACO/GIS/LTJ
8017379,UOE
8017464,MON
8018280,YUG
8018920,ATT
8019756,ATT
8019774,JSN
8019990,UOE
8020253,JSN
8021187,UOE
8021829,UOE
8021907,YUG
8022004,UOE
8022145,YUG
8022200,MON
8022263,MON
8022433,UOE
8022685,AFY
8022704,MON
8022708,YUG
8022756,MON
8022761,MON
8022827,MON
8022836,DFT
8023067,MON
8023071,MON
8023569,MON
8023753,UOE
8023805,UOE
8024067,MON
8024069,MON
8024127,JSN
8024304,OWE
8024658,MON
8024749,UOE
8024758,UOE
8025099,UOE
8025143,YUG
8025490,OWE
8025815,DFT
8025930,SOD
8025959,YUG
8026015,UOE
8026237,MON
8026334,JSN
8026657,UOE
8027014,UOE
8027326,YUG
8027367,JSN
8027821,OWE
8028046,UOE
8028730,ACO/GIS/LTJ
8029445,ATT
8029923,JSN
8030799,DFT
8030933,MVY
8031610,MON
8031650,MON
8031666,ACO/GIS/LTJ
8031699,ATT
8031819,MON
8031847,UOE
8031979,UOE
8031980,JSN
8034205,UOE
8034564,MON
8035143,UOE
8035297,MON
8035299,MON
8035304,MON
8035306,MON
8035308,MON
8035316,OWE
8035979,MON
8037063,DFT
8037079,ATT
8037815,AFY
8038233,UOE
8039343,SOD
8043091,YUG
8043148,UOE
8043177,UOE
8043346,UOE
8043350,DFT
8043590,ATT
8043728,UOE
8043769,UOE
8044071,UOE
8044090,JSN
8044959,JSN
8045340,UOE
8045403,ACO/GIS/LTJ
8045600,UOE
8045607,UOE
8045880,ATT
8046107,UOE
8046226,YUG
8047338,UOE
8047916,UOE
8048539,YUG
8048673,UOE
8048728,MON
8048754,MON
8048788,UOE
8048896,MON
8048897,MON
8048901,MON
8048902,MON
8048927,MON
8048928,MON
8048998,MON
8049276,MON
8049277,MON
8049533,MON
8049661,UOE
8050051,UOE
8050450,ATT
8050493,UOE
8051298,UOE
8052382,UOE
8052653,CAN
8052729,UOE
8052795,UOE
8052835,UOE
8052845,ATT
8053067,ATT
8053099,UOE
8053891,ATT
8053912,NSI
8053948,ATT
8053954,ACO/GIS/LTJ
8054022,ACO/GIS/LTJ
8054027,ACO/GIS/LTJ
8054043,ACO/GIS/LTJ
8054114,UOE
8054118,ACO/GIS/LTJ
8054135,ACO/GIS/LTJ
8054144,ACO/GIS/LTJ
8054155,ACO/GIS/LTJ
8054170,BRE
8054180,ACO/GIS/LTJ
8054183,ATT
8054241,UOE
8054282,ACO/GIS/LTJ
8054283,ATT
8054284,ACO/GIS/LTJ
8054311,ACO/GIS/LTJ
8054359,ACO/GIS/LTJ
8054360,ATT
8054372,ABW/BCT
8054379,ATT
8054497,MON
8054652,YUG
8054684,ABW/BCT
8054686,MON
8054706,UOE
8054757,ABW/BCT
8054767,ATT
8054773,ACO/GIS/LTJ
8054774,ACO/GIS/LTJ
8054810,ATN
8054860,BIK
8054865,ACO/GIS/LTJ
8054955,UOE
8054990,ACO/GIS/LTJ
8055002,JSN
8055021,ATT
8055094,NAB
8055095,OWE
8055105,ATT
8055127,MVY
8055136,ATT
8055153,YUG
8055155,YUG
8055180,ACO/GIS/LTJ
8055205,BIK
8055228,NAB
8055234,SBN/THO
8055256,ATT
8055289,JSN
8055346,ABW/BCT
8055384,ACO/GIS/LTJ
8055425,MON
8055469,YUG
8055470,YUG
8055475,ACO/GIS/LTJ
8055484,ATT
8055487,SOD
8055587,SFE
8055621,ATT
8055653,JSN
8055740,ACO/GIS/LTJ
8055742,ACO/GIS/LTJ
8055743,ACO/GIS/LTJ
8055788,OWE
8055952,MON
8056021,JSN
8056032,ACO/GIS/LTJ
8056033,ACO/GIS/LTJ
8056075,MON
8056079,JSN
8056302,UOE
8056360,NAB
8056534,JSN
8056549,YUG
8056562,ACO/GIS/LTJ
8056575,UOE
8056629,ACO/GIS/LTJ
8056642,MVY
8056658,MVY
8056787,MON
8056789,MON
8056834,DFT
8056835,MON
8056856,MON
8056969,UOE
8057055,NSI
8057087,CAN
8057144,ABW/BCT
8057147,MVY
8057279,ACO/GIS/LTJ
8057419,APC/APD
8057422,APC/APD
8057608,IFR
8057612,AHT/ATV
8057646,JRY
8057997,MER/PHI
8057999,MER/PHI
8058002,APC/APD
8058005,IFR
8058011,APC/APD
8058036,PON
8058073,AHT/ATV
8058080,APC/APD
8058166,MER/PHI
8058254,JRY
8058565,APC/APD
8058566,APC/APD
8058621,MER/PHI
8058681,PON
8058692,ASV
8058858,APC/APD
8058887,APC/APD
8058905,ACO/GIS/LTJ
8059430,YUG
8059512,APC/APD
8059525,APC/APD
8059579,APC/APD
8059653,ITW
8059654,AFI/GME
8059723,ACO/GIS/LTJ
8059728,AHT/ATV
8059732,APC/APD
8059841,AHT/ATV
8059852,AHT/ATV
8060097,ITW
8060214,LOV
8060281,LOV
8060362,ITW
8060523,ASV
8060625,YUG
8060627,YUG
8060773,PWW
8061008,MON
8061301,PWW
8061630,MER/PHI
8061636,GON
8061789,MVY
8061887,ITW
8061932,MON
8062088,EPI
8062105,TON
8062314,APC/APD
8062319,APC/APD
8062351,UOE
8062384,ACO/GIS/LTJ
8062386,ACO/GIS/LTJ
8062390,ACO/GIS/LTJ
8062397,ACO/GIS/LTJ
8062402,ACO/GIS/LTJ
8062405,ACO/GIS/LTJ
8062406,ACO/GIS/LTJ
8062417,ACO/GIS/LTJ
8062426,ACO/GIS/LTJ
8062430,YUG
8062443,YUG
8062448,ACO/GIS/LTJ
8062459,ATT
8062473,ACO/GIS/LTJ
8062476,ACO/GIS/LTJ
8062477,ACO/GIS/LTJ
8062479,ACO/GIS/LTJ
8062480,ACO/GIS/LTJ
8062496,ACO/GIS/LTJ
8062497,ACO/GIS/LTJ
8062499,ACO/GIS/LTJ
8062508,ATT
8062511,YUG
8062517,ACO/GIS/LTJ
8062518,ACO/GIS/LTJ
8062531,ACO/GIS/LTJ
8062533,ACO/GIS/LTJ
8062536,ATT
8062538,UOE
8062555,ACO/GIS/LTJ
8062557,YUG
8062560,ACO/GIS/LTJ
8062561,ACO/GIS/LTJ
8062566,ACO/GIS/LTJ
8062567,YUG
8062568,ATT
8062571,YUG
8062573,ACO/GIS/LTJ
8062574,ATT
8062581,ACO/GIS/LTJ
8062584,YUG
8062585,YUG
8062588,YUG
8062594,YUG
8062602,ACO/GIS/LTJ
8062603,ACO/GIS/LTJ
8062604,ACO/GIS/LTJ
8062606,ACO/GIS/LTJ
8062625,ACO/GIS/LTJ
8062629,ATT
8062652,ACO/GIS/LTJ
8062653,ACO/GIS/LTJ
8062659,ATT
8062663,YUG
8062671,YUG
8062674,ATT
8062682,YUG
8062687,ACO/GIS/LTJ
8062689,ATT
8062690,ACO/GIS/LTJ
8062693,ATT
8062702,ATT
8062703,ATT
8062706,ACO/GIS/LTJ
8062709,MON
8062710,MON
8062721,ATT
8062739,ACO/GIS/LTJ
8062740,YUG
8062742,ACO/GIS/LTJ
8062745,ATT
8062749,UOE
8062811,NSI
8062925,APC/APD
8062926,APC/APD
8062927,APC/APD
8062937,APC/APD
8062944,APC/APD
8062955,APC/APD
8062959,APC/APD
8063047,JRY
8063049,JRY
8063061,APC/APD
8063065,APC/APD
8063071,APC/APD
8063074,AHT/ATV
8063087,APC/APD
8063105,JRY
8063277,JRY
8063282,APC/APD
8063287,MER/PHI
8063295,JRY
8063297,APC/APD
8063311,MER/PHI
8063328,APC/APD
8063330,APC/APD
8063336,AHT/ATV
8063349,BOF/LAU
8063351,MER/PHI
8063354,APC/APD
8063364,JRY
8063402,MER/PHI
8063405,APC/APD
8063406,MER/PHI
8063414,JRY
8063416,MER/PHI
8063419,APC/APD
8063421,JRY
8063422,MER/PHI
8063424,APC/APD
8063457,APC/APD
8063487,AHT/ATV
8063518,APC/APD
8063520,APC/APD
8063521,APC/APD
8063535,APC/APD
8063578,APC/APD
8063592,APC/APD
8063633,MER/PHI
8063641,AHT/ATV
8063648,APC/APD
8063730,APC/APD
8063747,MER/PHI
8063750,APC/APD
8063759,MER/PHI
8063763,MER/PHI
8063778,APC/APD
8063782,JRY
8063791,APC/APD
8063793,MER/PHI
8063795,MER/PHI
8063797,APC/APD
8063798,APC/APD
8063803,IFR
8063807,APC/APD
8063809,APC/APD
8063810,APC/APD
8063820,AFR/SFO
8063847,APC/APD
8063851,MER/PHI
8063854,APC/APD
8063855,MER/PHI
8063861,APC/APD
8063864,APC/APD
8063865,AHT/ATV
8063875,APC/APD
8063878,APC/APD
8063890,APC/APD
8063895,APC/APD
8063904,MER/PHI
8063915,AHT/ATV
8063919,APC/APD
8063922,APC/APD
8063957,APC/APD
8063966,APC/APD
8063979,AHT/ATV
8063984,MER/PHI
8063994,APC/APD
8064001,APC/APD
8064033,APC/APD
8064034,AHT/ATV
8064057,MER/PHI
8064112,AHT/ATV
8064115,AHT/ATV
8064167,BOF/LAU
8064224,APC/APD
8064225,MER/PHI
8064229,MER/PHI
8064230,MER/PHI
8064251,APC/APD
8064255,APC/APD
8064256,MER/PHI
8064263,MER/PHI
8064264,APC/APD
8064265,APC/APD
8064266,MER/PHI
8064267,AFI/GME
8064297,APC/APD
8064301,MER/PHI
8064302,APC/APD
8064336,AHT/ATV
8064337,APC/APD
8064342,APC/APD
8064347,APC/APD
8064376,MON
8064382,MER/PHI
8064385,MER/PHI
8064431,APC/APD
8064467,MER/PHI
8064468,AFI/GME
8064469,MER/PHI
8064513,ITW
8064626,APC/APD
8064627,APC/APD
8064701,ITW
8064712,ITW
8064747,ATN
8064773,APC/APD
8065536,APC/APD
8066113,APC/APD
8066150,APC/APD
8066154,APC/APD
8066230,APC/APD
8066235,APC/APD
8067904,AWO/UEI
8070479,JRY
8070486,ATS
8070672,RTH
8070674,RRO
8070719,JSN
8071141,SAS
8071147,AHT/ATV
8071194,IFR
8071199,MER/PHI
8071222,AHT/ATV
8071241,JRY
8071303,PON
8071347,AHT/ATV
8071402,SFN
8071429,AHT/ATV
8071445,APC/APD
8071466,BRE
8071476,AHT/ATV
8071505,ITW
8071813,RRO
8071845,AHT/ATV
8071932,ATN
8072087,JRY
8072089,AHT/ATV
8072090,JRY
8072091,APC/APD
8072145,JRY
8072206,MER/PHI
8072220,AHT/ATV
8072222,AHT/ATV
8072379,AHT/ATV
8072394,PON
8072489,APC/APD
8072556,AHT/ATV
8072588,APC/APD
8072775,LOV
8072779,LOV
8072910,JOZ
8073540,MRT
8073577,APC/APD
8073584,AHT/ATV
8073657,YUG
8073768,APC/APD
8073769,AFI/GME
8073801,AHT/ATV
8073802,AHT/ATV
8073803,ITW
8073946,AHT/ATV
8073973,ACO/GIS/LTJ
8074099,MON
8074203,JSN
8074240,MON
8074252,BIK
8074477,ITW
8074584,ATT
8074635,RWR
8074806,ITW
8075497,AHT/ATV
8076188,SFF
8076357,OWE
8076358,ASV
8076372,LOV
8076386,ACO/GIS/LTJ
8076491,APC/APD
8076678,MON
8076717,ITW
8076731,OWE
8076736,ATT
8076862,ASV
8076890,UOS
8076908,MTT
8077063,ABW/BCT
8077123,APC/APD
8077124,AHT/ATV
8077145,ATT
8077160,AHT/ATV
8077164,JRY
8077275,ITW
8077280,APC/APD
8077284,AFR/SFO
8077493,IFR
8077498,IFR
8077532,JRY
8077588,GOO
8077596,JRY
8077652,ZON
8077705,ITW
8077870,ITW
8078002,AFR/SFO
8078015,APC/APD
8078019,APC/APD
8078042,JRY
8078060,AHT/ATV
8078090,RTH
8078124,APC/APD
8078125,APC/APD
8078177,APC/APD
8078214,APC/APD
8078219,AHT/ATV
8078251,PWW
8078296,JRY
8078297,JRY
8078325,AHT/ATV
8078437,AHT/ATV
8078454,ITW
8078458,APC/APD
8078570,APC/APD
8078578,ITW
8078890,APC/APD
8078917,AHT/ATV
8078925,JRY
8078926,APC/APD
8078927,JNT
8078958,YUG
8078961,MER/PHI
8078962,APC/APD
8078964,AHT/ATV
8078966,SOD
8079049,AHT/ATV
8079061,ITW
8079085,MER/PHI
8079170,AHT/ATV
8079201,AHT/ATV
8079205,APC/APD
8079232,JNT
8079241,AHT/ATV
8079249,ASV
8079336,JNT
8079339,PON
8079363,AHT/ATV
8079555,APC/APD
8079576,ASV
8079588,JRY
8079872,PWW
8080006,ITW
8080075,AHT/ATV
8080082,JNT
8080115,CZP
8080219,ITW
8080226,AHT/ATV
8080228,AFI/GME
8080229,AHT/ATV
8080235,APC/APD
8080337,AFI/GME
8080376,AHT/ATV
8080391,BOF/LAU
8080514,AHT/ATV
8080545,YUG
8080549,ASV
8080569,APC/APD
8080598,ITW
8080681,AHT/ATV
8080693,AHT/ATV
8080706,AHT/ATV
8080750,JSN
8080773,ITW
8080864,AHT/ATV
8081046,PWW
8081088,AHT/ATV
8081206,PWW
8081277,ACO/GIS/LTJ
8081369,AHT/ATV
8081375,MON
8081389,APC/APD
8081392,YUG
8081463,AFI/GME
8081469,AHT/ATV
8081473,MON
8081474,AFI/GME
8081485,APC/APD
8081497,AHT/ATV
8081600,AHT/ATV
8081608,ITW
8081609,ASV
8081778,ITW
8081874,MON
8081877,MON
8081919,ITW
8082024,YUG
8082077,APC/APD
8082213,ITW
8082219,ITW
8082220,MVY
8082464,BOF/LAU
8082596,PWW
8082757,PWW
8082785,IFR
8082865,JRY
8082866,JRY
8082970,JSN
8082992,AHT/ATV
8083009,MTW
8083248,BOF/LAU
8083330,PWW
8083398,AFI/GME
8083407,EPI
8083409,AHT/ATV
8083487,YUG
8083595,ACO/GIS/LTJ
8083654,ITW
8083731,DAC
8083753,ITW
8083763,NSI
8083801,ATN
8083825,JSN
8083838,ATN
8083839,ATN
8083854,ATN
8083865,JSN
8083903,ACO/GIS/LTJ
8083970,ASV
8083987,AHT/ATV
8083990,JRY
8085720,DON
8086230,ITE
8086998,ZON
8088276,DON
8088281,SAF
8088283,MRE
8088284,DON
8088395,SIV
8088397,SAF
8088413,EZT
8088428,SAF
8088535,AWO/UEI
8088576,AEL
8088597,AEL
8088600,DON
8088834,EZT
8089350,AEI
8089468,POR
8091879,AWO/UEI
8092073,SAF
8092079,MRE
8092394,AWO/UEI
8092471,SOF
8092573,SOF
8092805,AWO/UEI
8092814,CGS
8093003,AFN
8093459,SZR
8093788,APC/APD
8094186,MER/PHI
8095134,ESV
8096345,AHT/ATV
8096596,PON
8097245,AWO/UEI
8097355,DON
8097560,AWO/UEI
8097845,SIV
8097906,AWO/UEI
8098474,AWO/UEI
8098631,MTF
8098945,MER/PHI
8099557,ASV
8101952,MER/PHI
8102222,MER/PHI
8102650,MER/PHI
8104820,ASV
8105309,APC/APD
8105331,APC/APD
8106666,BOF/LAU
8108243,SOR
8108333,AFO
8108374,DON
8109354,AWO/UEI
8109361,AWO/UEI
8109400,SOF
8109479,GON
8110200,BOF/LAU
8110229,AFO
8110738,IFR
8110936,MOR
8111002,MER/PHI
8111650,BOF/LAU
8111690,WEI
8112011,TON
8112143,SOF
8112328,CAS
8112774,AHT/ATV
8112850,WEI
8113151,MER/PHI
8113179,BOF/LAU
8113222,AEI
8113537,PON
8113543,JRY
8113594,APC/APD
8113600,BRE
8113885,MER/PHI
8113957,APC/APD
8114017,ATS
8114144,AHT/ATV
8114232,AFR/SFO
8114237,AHT/ATV
8114240,AHT/ATV
8114254,JSN
8114269,AHT/ATV
8114284,AHT/ATV
8114352,LOV
8114363,LOV
8114390,ITW
8114515,MON
8114604,LOV
8114633,AHT/ATV
8114736,IFR
8114740,AHT/ATV
8114751,APC/APD
8114789,APC/APD
8114790,JRY
8114791,APC/APD
8114894,APC/APD
8114908,APC/APD
8114910,APC/APD
8114914,APC/APD
8114940,APC/APD
8114948,APC/APD
8114977,MER/PHI
8115073,APC/APD
8115093,APC/APD
8115096,APC/APD
8115167,AHT/ATV
8115266,BOF/LAU
8115282,APC/APD
8115319,IFR
8115351,AHT/ATV
8115352,APC/APD
8115462,ASV
8115471,NSI
8115572,ITW
8115716,ITW
8115954,CAS
8116029,APC/APD
8116269,CGF/HEU
8116270,CGF/HEU
8116406,DON
8116507,SIV
8116721,AWO/UEI
8116734,IFO
8116737,SIV
8116756,GOO
8117004,ASV
8117326,AFO
8117333,AFO
8117399,AEI
8117454,MER/PHI
8117838,AFN
8117859,MER/PHI
8118147,AFN
8118208,MRE
8118215,ASV
8118917,BIK
8119001,ITW
8119015,WEI
8120255,SAS
8120478,SAF
8120693,ITW
8122730,DON
8122836,DON
8122848,DON
8123028,IFO
8123056,SAF
8123061,AWO/UEI
8123096,AWO/UEI
8123321,AFR/SFO
8123334,AFO
8123904,AFO
8124077,UOZ
8124109,ITW
8124279,DON
8124453,DON
8124690,DON
8124872,SAF
8124979,AEL
8125718,MER/PHI
8125992,GON
8126216,ITW
8126280,SAF
8126357,JRY
8126384,JRY
8126463,JRY
8126471,AHT/ATV
8126487,JRY
8126489,APC/APD
8126521,JRY
8126529,JRY
8126531,AHT/ATV
8126547,JRY
8126597,APC/APD
8126599,APC/APD
8126601,APC/APD
8126602,APC/APD
8126606,APC/APD
8126607,APC/APD
8126608,APC/APD
8126611,APC/APD
8126612,AHT/ATV
8126617,APC/APD
8126619,APC/APD
8126620,APC/APD
8126621,APC/APD
8126622,APC/APD
8126626,APC/APD
8126631,APC/APD
8126632,APC/APD
8126634,APC/APD
8126636,APC/APD
8126641,APC/APD
8126642,APC/APD
8126651,APC/APD
8126654,APC/APD
8126655,APC/APD
8126659,APC/APD
8126660,APC/APD
8126661,APC/APD
8126662,AHT/ATV
8126667,APC/APD
8126669,AHT/ATV
8126675,APC/APD
8126677,AHT/ATV
8126679,APC/APD
8126681,APC/APD
8126683,AHT/ATV
8126688,AHT/ATV
8126689,APC/APD
8126701,APC/APD
8126702,APC/APD
8126703,AHT/ATV
8126704,APC/APD
8126705,APC/APD
8126708,APC/APD
8126709,AHT/ATV
8126714,APC/APD
8126720,APC/APD
8126721,APC/APD
8126722,MER/PHI
8126723,APC/APD
8126724,APC/APD
8126727,APC/APD
8126728,APC/APD
8126729,AHT/ATV
8126734,AHT/ATV
8126735,AHT/ATV
8126739,APC/APD
8126741,APC/APD
8126742,APC/APD
8126743,APC/APD
8126744,AHT/ATV
8126745,APC/APD
8126746,MER/PHI
8126750,APC/APD
8126761,MER/PHI
8126771,AHT/ATV
8126789,MER/PHI
8126790,MER/PHI
8126792,APC/APD
8126793,AHT/ATV
8126796,AHT/ATV
8126797,APC/APD
8126804,APC/APD
8126807,APC/APD
8126812,APC/APD
8126813,APC/APD
8126815,MER/PHI
8126816,APC/APD
8126818,APC/APD
8126819,AHT/ATV
8126831,APC/APD
8126834,AHT/ATV
8126852,APC/APD
8126856,APC/APD
8126862,APC/APD
8126864,AHT/ATV
8126903,MER/PHI
8126904,APC/APD
8126906,APC/APD
8126910,AHT/ATV
8126913,APC/APD
8126914,APC/APD
8126917,APC/APD
8126918,AHT/ATV
8126919,AHT/ATV
8126920,APC/APD
8126921,APC/APD
8126922,APC/APD
8126932,AHT/ATV
8126940,APC/APD
8126941,APC/APD
8126949,APC/APD
8126975,APC/APD
8126979,AHT/ATV
8126984,AHT/ATV
8127006,AHT/ATV
8127047,MER/PHI
8127055,YUG
8127058,AHT/ATV
8127060,APC/APD
8127061,APC/APD
8127062,APC/APD
8127063,APC/APD
8127064,APC/APD
8127065,APC/APD
8127066,APC/APD
8127067,APC/APD
8127070,APC/APD
8127072,APC/APD
8127074,APC/APD
8127075,APC/APD
8127076,APC/APD
8127077,APC/APD
8127078,APC/APD
8127079,APC/APD
8127082,APC/APD
8127084,APC/APD
8127086,APC/APD
8127087,APC/APD
8127088,APC/APD
8127089,APC/APD
8127090,APC/APD
8127093,APC/APD
8127094,APC/APD
8127096,APC/APD
8127098,APC/APD
8127110,AHT/ATV
8127114,APC/APD
8127116,APC/APD
8127131,APC/APD
8127134,APC/APD
8127160,AHT/ATV
8127166,JRY
8127169,APC/APD
8127253,YUG
8127265,APC/APD
8127275,APC/APD
8127293,JRY
8127297,APC/APD
8127305,AHT/ATV
8127325,NSI
8127332,JRY
8127333,JRY
8127338,APC/APD
8127339,AHT/ATV
8127340,PON
8127351,AHT/ATV
8127371,AHT/ATV
8127374,APC/APD
8127376,APC/APD
8127377,AHT/ATV
8127379,AHT/ATV
8127393,AHT/ATV
8127428,AHT/ATV
8127429,JRY
8127439,AHT/ATV
8127440,APC/APD
8127441,APC/APD
8127451,AHT/ATV
8127452,APC/APD
8127468,AHT/ATV
8127470,APC/APD
8127475,APC/APD
8127486,ACO/GIS/LTJ
8127503,JRY
8127504,JRY
8127505,AHT/ATV
8127506,JRY
8127514,MER/PHI
8127520,APC/APD
8127523,JRY
8127524,JRY
8127528,MER/PHI
8127540,AFN
8127561,APC/APD
8127566,APC/APD
8127578,APC/APD
8127600,CGS
8127602,AHT/ATV
8127603,APC/APD
8127606,AHT/ATV
8127607,AHT/ATV
8127608,APC/APD
8127639,AHT/ATV
8127643,AHT/ATV
8127646,AHT/ATV
8127662,AHT/ATV
8127665,AHT/ATV
8127677,AHT/ATV
8127695,AHT/ATV
8127703,AHT/ATV
8127704,MER/PHI
8127705,AHT/ATV
8127707,AHT/ATV
8127712,AHT/ATV
8127747,AHT/ATV
8127751,APC/APD
8127760,AHT/ATV
8127818,APC/APD
8127819,ACO/GIS/LTJ
8127839,YUG
8127842,MER/PHI
8127844,AHT/ATV
8127863,APC/APD
8127864,APC/APD
8127973,MER/PHI
8128086,MVY
8128112,APC/APD
8128113,APC/APD
8128114,AHT/ATV
8128116,AHT/ATV
8128121,APC/APD
8128123,APC/APD
8128124,AHT/ATV
8128125,AHT/ATV
8128129,APC/APD
8128130,APC/APD
8128137,APC/APD
8128138,AHT/ATV
8128139,AHT/ATV
8128140,AHT/ATV
8128141,AHT/ATV
8128163,JRY
8128172,JRY
8128178,AHT/ATV
8128192,AHT/ATV
8128196,JRY
8128203,AHT/ATV
8128206,AHT/ATV
8128227,YUG
8128271,APC/APD
8128288,APC/APD
8128289,APC/APD
8128291,AHT/ATV
8128303,APC/APD
8128304,APC/APD
8128306,APC/APD
8128321,AHT/ATV
8128337,JRY
8128340,AHT/ATV
8128341,AHT/ATV
8128344,JRY
8128346,JRY
8128349,APC/APD
8128351,APC/APD
8128355,AHT/ATV
8128362,APC/APD
8128384,AHT/ATV
8128390,AHT/ATV
8128395,JRY
8128408,APC/APD
8128412,AHT/ATV
8128421,BRE
8128429,AHT/ATV
8128454,AHT/ATV
8128455,JRY
8128456,AHT/ATV
8128458,AHT/ATV
8128459,AHT/ATV
8128463,JRY
8128477,AHT/ATV
8128478,AHT/ATV
8128491,AHT/ATV
8128496,AHT/ATV
8128501,APC/APD
8128502,AHT/ATV
8128503,AHT/ATV
8128507,AHT/ATV
8128509,YUG
8128514,AHT/ATV
8128519,AHT/ATV
8128523,AHT/ATV
8128525,APC/APD
8128531,AHT/ATV
8128533,AHT/ATV
8128535,APC/APD
8128536,AHT/ATV
8128543,AHT/ATV
8128547,AHT/ATV
8128556,AHT/ATV
8128557,APC/APD
8128559,AHT/ATV
8128560,AHT/ATV
8128561,APC/APD
8128564,AHT/ATV
8128577,AHT/ATV
8128578,AHT/ATV
8128586,APC/APD
8128587,APC/APD
8128604,AHT/ATV
8128619,AHT/ATV
8128623,AHT/ATV
8128624,AHT/ATV
8128687,ACO/GIS/LTJ
8128694,MER/PHI
8128697,YUG
8128707,APC/APD
8128708,APC/APD
8128709,APC/APD
8128738,APC/APD
8128743,APC/APD
8128755,ITW
8128773,APC/APD
8128784,PON
8128817,ATN
8128842,APC/APD
8128843,AHT/ATV
8128851,APC/APD
8128858,APC/APD
8128859,APC/APD
8128868,PON
8128878,APC/APD
8128879,APC/APD
8128881,AHT/ATV
8128896,APC/APD
8128956,APC/APD
8128958,APC/APD
8128959,APC/APD
8128992,AHT/ATV
8129079,ASV
8129163,AFI/GME
8129179,ITW
8129338,AHT/ATV
8129393,ACO/GIS/LTJ
8129394,AHT/ATV
8129400,AFI/GME
8129418,MON
8129493,IFR
8129523,ACO/GIS/LTJ
8129531,APC/APD
8129532,CGS
8129598,AFR/SFO
8129645,APC/APD
8129651,PON
8129871,AWW/RTE
8129901,MVY
8129922,APC/APD
8129923,APC/APD
8129928,APC/APD
8129935,AFR/SFO
8129949,JRY
8129950,JRY
8129957,AHT/ATV
8129958,AHT/ATV
8129959,AHT/ATV
8129960,APC/APD
8129962,APC/APD
8129971,AHT/ATV
8129973,JRY
8130034,JRY
8130038,APC/APD
8130041,IFR
8130047,APC/APD
8130048,JRY
8130050,APC/APD
8130051,APC/APD
8130053,APC/APD
8130054,APC/APD
8130055,AHT/ATV
8130071,APC/APD
8130074,AHT/ATV
8130082,AHT/ATV
8130094,JRY
8130116,MER/PHI
8130119,JRY
8130120,MER/PHI
8130121,AHT/ATV
8130127,JRY
8130128,MER/PHI
8130135,MER/PHI
8130136,AHT/ATV
8130165,APC/APD
8130171,APC/APD
8130193,APC/APD
8130207,YUG
8130216,APC/APD
8130219,APC/APD
8130238,AHT/ATV
8130274,APC/APD
8130275,APC/APD
8130276,APC/APD
8130282,AHT/ATV
8130283,AWW/RTE
8130284,APC/APD
8130286,AHT/ATV
8130287,MER/PHI
8130290,AHT/ATV
8130291,MER/PHI
8130300,APC/APD
8130301,APC/APD
8130303,MER/PHI
8130308,JRY
8130320,APC/APD
8130326,APC/APD
8130327,AHT/ATV
8130331,AHT/ATV
8130346,MER/PHI
8130349,AHT/ATV
8130352,AHT/ATV
8130356,APC/APD
8130357,APC/APD
8130361,AHT/ATV
8130370,AHT/ATV
8130371,AHT/ATV
8130385,YUG
8130397,AHT/ATV
8130429,AHT/ATV
8130430,AHT/ATV
8130431,AHT/ATV
8130450,YUG
8130466,AHT/ATV
8130485,APC/APD
8130487,APC/APD
8130498,AHT/ATV
8130501,AHT/ATV
8130503,AHT/ATV
8130504,AHT/ATV
8130526,AHT/ATV
8130529,AHT/ATV
8130530,AHT/ATV
8130555,AHT/ATV
8130582,APC/APD
8130588,APC/APD
8130598,AHT/ATV
8130634,AHT/ATV
8130635,AHT/ATV
8130665,ACO/GIS/LTJ
8130667,AHT/ATV
8130684,TON
8130695,CGS
8130730,APC/APD
8130813,AHT/ATV
8130957,NAT
8130987,ATN
8130989,APC/APD
8131023,IFR
8131033,JRY
8131049,AHT/ATV
8131087,APC/APD
8131137,AHT/ATV
8131140,MER/PHI
8131145,APC/APD
8131166,APC/APD
8131168,PON
8131180,APC/APD
8131195,AHT/ATV
8131202,APC/APD
8131205,JRY
8131223,EPI
8131239,PON
8131276,CFI
8131287,APC/APD
8131288,APC/APD
8131352,APC/APD
8131378,APC/APD
8131380,PON
8131457,BOF/LAU
8131469,APC/APD
8131610,APC/APD
8131612,APC/APD
8131745,WEI
8131917,ITW
8131938,AHT/ATV
8132008,ITW
8132026,TON
8132171,AHT/ATV
8132184,JRY
8132235,PON
8132280,APC/APD
8132282,AHT/ATV
8132341,LOV
8132342,LOV
8132406,WEI
8132438,LOV
8132657,SAF
8132898,SZR
8132962,SAF
8133030,SAF
8133045,SAF
8133116,SAF
8133137,SAF
8133172,AWO/UEI
8133241,AWO/UEI
8133261,AWO/UEI
8133330,AWO/UEI
8133336,MER/PHI
8133379,AWO/UEI
8133384,AWO/UEI
8133427,AWO/UEI
8133470,AWO/UEI
8133479,SAF
8133509,AWO/UEI
8133576,AWO/UEI
8133588,SIV
8133671,SIV
8133891,SIV
8134030,AWO/UEI
8134062,AWO/UEI
8134086,AWO/UEI
8134130,AWO/UEI
8134131,AWO/UEI
8134135,AWO/UEI
8134163,AWO/UEI
8134164,AWO/UEI
8134242,SIV
8134251,SIV
8134269,AWO/UEI
8134409,AWO/UEI
8134419,AWO/UEI
8134489,APC/APD
8134850,SAF
8134893,DON
8134931,MRE
8134995,DON
8135003,MRE
8135126,SIV
8135150,SAF
8135159,SIV
8135161,SIV
8135163,SIV
8135164,SIV
8135165,SIV
8135174,SIV
8135186,AFO
8135212,SIV
8135213,SIV
8135240,SIV
8135297,SIV
8135298,SIV
8135299,SIV
8135303,SIV
8135314,SIV
8135319,SIV
8135328,AWO/UEI
8135330,MRE
8135345,AWO/UEI
8135390,MRE
8135404,SIV
8135406,AWO/UEI
8135426,MRE
8135443,DON
8135459,MRE
8135493,MRE
8135505,SIV
8135506,MER/PHI
8135507,SIV
8135511,MER/PHI
8135558,MRE
8135654,MRE
8135655,MRE
8135700,SIV
8135722,SIV
8135726,SIV
8135728,SIV
8135736,APC/APD
8135740,AWO/UEI
8135743,SIV
8135750,SIV
8135755,SIV
8135776,SIV
8135784,SIV
8135793,SIV
8135794,SIV
8135879,SAF
8135883,SIV
8135884,SIV
8135966,AWO/UEI
8135969,AWO/UEI
8135998,MRE
8136021,SIV
8136030,AWO/UEI
8136037,AWO/UEI
8136050,AWO/UEI
8136056,MOR
8136061,ESV
8136064,MRE
8136127,AWO/UEI
8136147,AWO/UEI
8136159,MRE
8136188,MRE
8136196,AWO/UEI
8136209,MRE
8136210,MRE
8136219,MRE
8136238,MRE
8136254,MRE
8136259,MRE
8136341,APC/APD
8136351,AWO/UEI
8136361,MRE
8136384,SIV
8136406,MRE
8136432,SIV
8136454,AWO/UEI
8136462,AWO/UEI
8136465,AWO/UEI
8136496,AWO/UEI
8136511,AWO/UEI
8136552,MRE
8136560,AWO/UEI
8136601,MRE
8136638,MRE
8136686,MRE
8136834,MRE
8136892,MRE
8136899,MRE
8136905,SIV
8136934,APC/APD
8136943,MRE
8136947,MRE
8136950,MRE
8137036,SIV
8137044,SIV
8137053,SIV
8137209,SAF
8138148,DON
8138151,DON
8138189,SAF
8138191,AFO
8138211,SAF
8138212,SAF
8138214,SAF
8138215,SAF
8138216,SAF
8138217,SAF
8138219,SAF
8138227,DON
8138237,SAF
8138241,SAF
8138247,DON
8138248,DON
8138250,SAF
8138256,DON
8138267,DON
8138283,MRE
8138286,MRE
8138360,SAF
8138363,SAF
8138404,DON
8138411,SAF
8138413,SAF
8138421,SAF
8138422,SAF
8138431,DON
8138441,DON
8138442,DON
8138448,DON
8138467,SAF
8138470,SAF
8138471,SAF
8138472,SAF
8138477,SAF
8138478,SAF
8138480,SAF
8138482,SAF
8138483,DON
8138484,SAF
8138485,SAF
8138486,SAF
8138495,SAF
8138497,SAF
8138501,MRE
8138515,DON
8138518,DON
8138519,DON
8138533,DON
8138541,SAF
8138563,DON
8138573,AEL
8138593,AFO
8138595,AFO
8138615,DON
8138639,DON
8138641,DON
8138642,SAF
8138643,DON
8138650,AFO
8138685,MRE
8138688,MRE
8138691,MRE
8138700,DON
8138703,DON
8138714,AFO
8138756,MRE
8138769,MRE
8138778,MRE
8138790,MRE
8138796,MRE
8138797,MRE
8138829,MRE
8138844,MRE
8138845,MRE
8138946,DON
8139001,DON
8139004,SAF
8139005,SAF
8139008,SIV
8139025,SAF
8139026,DON
8139029,DON
8139033,DON
8139034,DON
8139039,AWO/UEI
8139057,SAF
8139062,SAF
8139063,SAF
8139065,AWO/UEI
8139082,SAF
8139091,SAF
8139106,DON
8139111,DON
8139116,SAF
8139118,DON
8139123,DON
8139138,SIV
8139142,DON
8139145,SAF
8139149,SAF
8139155,AWO/UEI
8139162,SIV
8139163,DON
8139166,AWO/UEI
8139173,SAF
8139175,SAF
8139176,SAF
8139178,SAF
8139186,SAF
8139187,YUG
8139194,SIV
8139216,SAF
8139260,SAF
8139263,DON
8139264,DON
8139269,AFO
8139285,AEL
8139288,DON
8139330,AWO/UEI
8139351,AEL
8139355,SAF
8139357,AWO/UEI
8139363,AFO
8139423,MRE
8139432,SAF
8139434,DON
8139435,SAF
8139437,DON
8139464,AWO/UEI
8139474,AWO/UEI
8139504,MRE
8139523,MRE
8139554,MRE
8139571,MRE
8139572,MRE
8139577,MRE
8139584,DON
8139621,AWO/UEI
8139645,MRE
8139693,MRE
8139738,AWO/UEI
8139741,MRE
8139747,MFS
8139748,MRE
8139751,MRE
8139773,AFO
8139775,MRE
8139782,AHT/ATV
8139784,MRE
8139787,AWO/UEI
8139796,MRE
8139801,MRE
8139807,MRE
8139848,SAF
8139857,SAF
8139861,AWO/UEI
8139881,SAF
8139889,SAF
8139899,DON
8139904,SAF
8139917,DON
8139919,AEL
8139924,DON
8139926,AWO/UEI
8139930,SAF
8139931,SAF
8139935,DON
8139995,AEL
8139996,SIV
8140000,DON
8140003,SIV
8140013,SAF
8140014,SAF
8140015,AWO/UEI
8140016,SAF
8140017,SAF
8140019,DON
8140021,SIV
8140029,SIV
8140034,SIV
8140039,SAF
8140041,AFO
8140042,AWO/UEI
8140045,SIV
8140047,AEL
8140048,AEL
8140070,DON
8140146,AEL
8140189,SIV
8140201,SAF
8140213,AWO/UEI
8140223,SIV
8140226,AFO
8140235,AWO/UEI
8140240,AWO/UEI
8140249,AWO/UEI
8140271,SIV
8140377,MRE
8140425,SIV
8140427,DON
8140429,SIV
8140431,SIV
8140446,AFO
8140450,AWO/UEI
8140472,AWO/UEI
8140483,AWO/UEI
8140509,AEL
8140543,MRE
8140563,MRE
8140579,MRE
8140582,MRE
8140589,SIV
8140602,AWO/UEI
8140604,SIV
8140607,AEL
8140639,AEL
8140643,MRE
8140644,AWO/UEI
8140650,AWO/UEI
8140653,AWO/UEI
8140721,MRE
8140756,AWO/UEI
8140763,MRE
8140772,MRE
8140789,AWO/UEI
8140863,MRE
8140885,SAF
8140910,SIV
8140913,SAF
8140919,SIV
8140925,SIV
8140927,SIV
8140928,SAF
8140950,AWO/UEI
8140952,AWO/UEI
8140977,AWO/UEI
8140982,SAF
8141092,AWO/UEI
8141113,MRE
8141120,SAF
8141124,AWO/UEI
8141125,AWO/UEI
8141194,MRE
8141205,MRE
8141209,AFO
8141227,AWO/UEI
8141236,AWO/UEI
8141238,AWO/UEI
8141240,MRE
8141258,MRE
8141286,MRE
8141288,AWO/UEI
8141303,AWO/UEI
8141376,MRE
8141387,MRE
8141388,MRE
8141410,MRE
8141494,DON
8141512,SAF
8141514,SAF
8141516,SAF
8141517,SAF
8141519,AEL
8141524,AEL
8141539,SIV
8141540,SIV
8141542,SIV
8141557,APC/APD
8141667,SIV
8141676,SAF
8141913,APC/APD
8142027,SAF
8142294,AWO/UEI
8142307,AWO/UEI
8142568,SIV
8142571,SAF
8142631,SIV
8142668,AWO/UEI
8142672,AWO/UEI
8142732,AWO/UEI
8142743,AWO/UEI
8142757,AWO/UEI
8142765,APC/APD
8142827,AWO/UEI
8142832,AWO/UEI
8142883,AWO/UEI
8143037,SIV
8143106,AWO/UEI
8143191,AWO/UEI
8143663,DON
8143709,DON
8143721,APC/APD
8143746,DON
8143750,DON
8143759,DON
8143832,DON
8143886,DON
8143888,DON
8143913,SAF
8143919,SAF
8143931,DON
8143932,SAF
8143934,DON
8143937,DON
8143961,DON
8143986,DON
8143988,DON
8144023,AFO
8144037,DON
8144038,DON
8144078,DON
8144079,DON
8144081,DON
8144126,DON
8144299,SAF
8144301,DON
8144309,SAF
8144317,SAF
8144318,SAF
8144319,SAF
8144322,SAF
8144327,DON
8144345,DON
8144346,DON
8144351,SAF
8144354,SAF
8144355,SAF
8144357,SAF
8144365,SAF
8144367,SAF
8144371,SAF
8144382,SAF
8144385,SAF
8144393,DON
8144394,DON
8144397,SIV
8144423,SAF
8144424,SAF
8144427,SAF
8144433,AFO
8144440,SAF
8144446,SAF
8144448,SAF
8144450,DON
8144451,SAF
8144453,SAF
8144479,SAF
8144480,SAF
8144481,DON
8144517,DON
8144520,SAF
8144521,SAF
8144522,DON
8144527,DON
8144529,DON
8144534,SAF
8144535,DON
8144537,DON
8144548,AEL
8144571,AFO
8144600,AWO/UEI
8144605,MRE
8144632,DON
8144640,DON
8144645,AFO
8144668,AWO/UEI
8144758,MRE
8144770,MRE
8144922,DON
8144927,SAF
8144928,SAF
8144933,SAF
8144934,AFO
8144950,DON
8144960,DON
8144961,SIV
8144962,SAF
8144964,SAF
8144965,SAF
8144971,SAF
8144973,SAF
8144979,SAF
8145016,SAF
8145018,DON
8145019,DON
8145043,DON
8145110,DON
8145118,DON
8145145,AWO/UEI
8145154,AWO/UEI
8145161,AWO/UEI
8145170,MRE
8145213,DON
8145218,DON
8145232,SAF
8145256,AWO/UEI
8145258,AEL
8145260,AWO/UEI
8145275,AWO/UEI
8145284,AWO/UEI
8145354,AWO/UEI
8145359,APC/APD
8145367,MRE
8145368,MRE
8145369,MRE
8145372,AWO/UEI
8145376,AWO/UEI
8145414,MRE
8145476,MRE
8145554,DON
8145579,SIV
8145607,SAF
8145608,AEL
8145612,AEL
8145618,SIV
8145620,AEL
8145653,MER/PHI
8145676,AWO/UEI
8145679,APC/APD
8145687,AWO/UEI
8145723,AWO/UEI
8145725,MRE
8145730,AWO/UEI
8145914,MRE
8145967,AEL
8146144,DON
8146147,DON
8146175,AEL
8146180,AFO
8146201,MRE
8146204,MRE
8146551,JSW
8146621,JSW
8146819,ASV
8146853,ASV
8147227,AEN
8147398,WEI
8147413,SIV
8148970,NON
8150357,DON
8150388,DON
8150391,SAF
8150408,SAF
8150409,SAF
8150410,SAF
8150411,SAF
8150412,SAF
8150413,SAF
8150414,SAF
8150422,AFO
8150425,SAF
8150426,SAF
8150427,SAF
8150429,DON
8150430,DON
8150433,DON
8150437,DON
8150450,DON
8150451,MRE
8150457,DON
8150458,DON
8150483,MRE
8150484,MRE
8150538,SAF
8150546,SAF
8150553,SAF
8150598,DON
8150603,SAF
8150612,DON
8150614,DON
8150615,SAF
8150618,SAF
8150621,SAF
8150622,SAF
8150623,SAF
8150624,SAF
8150627,SAF
8150631,SAF
8150632,SAF
8150633,SAF
8150634,SAF
8150637,SAF
8150638,SAF
8150645,DON
8150657,DON
8150662,DON
8150668,DON
8150672,SAF
8150675,DON
8150680,SAF
8150681,SAF
8150682,SAF
8150683,SAF
8150685,SAF
8150691,SAF
8150699,SAF
8150700,SAF
8150701,SAF
8150705,SAF
8150708,DON
8150709,DON
8150716,DON
8150719,DON
8150736,DON
8150746,DON
8150747,DON
8150750,AEL
8150755,AFO
8150765,MRE
8150790,DON
8150792,DON
8150798,DON
8150804,DON
8150805,AEL
8150832,MRE
8150847,DON
8150850,DON
8150916,MRE
8150926,MRE
8150942,MRE
8150944,AEL
8150969,MRE
8151025,AEL
8151037,DON
8151041,AFO
8151044,AEL
8151067,SIV
8151075,SAF
8151084,DON
8151088,SAF
8151090,SAF
8151098,DON
8151100,SAF
8151103,SAF
8151105,SAF
8151107,SAF
8151112,SAF
8151113,SAF
8151119,SAF
8151127,DON
8151133,SAF
8151134,SIV
8151161,DON
8151162,DON
8151163,AFO
8151167,SAF
8151175,DON
8151176,SAF
8151178,DON
8151179,SAF
8151183,SAF
8151189,DON
8151197,SAF
8151202,SAF
8151203,SAF
8151204,SAF
8151205,SAF
8151207,SAF
8151208,SAF
8151214,SAF
8151237,SAF
8151269,DON
8151275,AEL
8151278,DON
8151290,DON
8151292,DON
8151301,DON
8151306,MRE
8151324,AWO/UEI
8151346,AWO/UEI
8151397,DON
8151401,DON
8151408,AWO/UEI
8151415,AFO
8151506,AFO
8151578,MRE
8151591,MRE
8151596,MRE
8151612,MRE
8151614,MRE
8151622,MRE
8151638,MRE
8151641,MRE
8151644,MRE
8151651,MRE
8151666,MRE
8151696,MRE
8151697,AFO
8151699,MRE
8151715,MRE
8151719,AFO
8151720,AFO
8151725,AFO
8151754,AWO/UEI
8151755,AWO/UEI
8151768,SAF
8151779,SIV
8151781,AWO/UEI
8151788,SAF
8151790,SAF
8151792,AFO
8151827,AEL
8151860,DON
8151866,SAF
8151869,DON
8151870,SAF
8151872,SAF
8151876,SAF
8151878,AEL
8151879,AWO/UEI
8151883,SIV
8151886,SIV
8151889,SIV
8151895,SIV
8151896,SAF
8151898,SAF
8151899,SAF
8151903,SAF
8151904,SAF
8151935,AWO/UEI
8151995,SAF
8151998,SIV
8151999,AEL
8152001,DON
8152002,DON
8152004,DON
8152005,SAF
8152006,DON
8152012,MER/PHI
8152028,SIV
8152057,MER/PHI
8152062,AEL
8152090,AEL
8152159,SIV
8152164,AEL
8152180,AWO/UEI
8152183,SIV
8152187,AFO
8152209,MRE
8152237,MER/PHI
8152248,MRE
8152331,MRE
8152334,AWO/UEI
8152335,AWO/UEI
8152337,AWO/UEI
8152342,AWO/UEI
8152374,MRE
8152404,MRE
8152409,MRE
8152421,MRE
8152428,MRE
8152436,MRE
8152438,MRE
8152469,MRE
8152497,DON
8152508,SAF
8152512,SIV
8152513,SIV
8152533,AWO/UEI
8152551,SAF
8152557,SAF
8152558,SAF
8152567,AWO/UEI
8152577,SAF
8152580,AWO/UEI
8152591,AWO/UEI
8152598,AWO/UEI
8152624,SAF
8152627,SAF
8152628,SAF
8152642,MRE
8152671,MRE
8152676,MRE
8152688,MRE
8152720,MRE
8152731,AWO/UEI
8152732,AWO/UEI
8152758,AWO/UEI
8152767,MRE
8152771,MRE
8152852,MRE
8152853,MRE
8152965,SAF
8152966,SAF
8152967,SAF
8152979,SAF
8153000,AWO/UEI
8153002,AWO/UEI
8153005,AEL
8153015,MER/PHI
8153122,SAF
8153185,ITE
8153229,SAF
8154019,DON
8154119,DON
8154121,DON
8154124,DON
8154126,DON
8154271,DON
8154313,SAF
8154347,DON
8154348,SAF
8154350,SAF
8154351,DON
8154361,DON
8154368,DON
8154369,DON
8154402,SAF
8154407,DON
8154416,DON
8154433,DON
8154459,DON
8154464,DON
8154468,AFO
8154517,MRE
8154666,SAF
8154684,SAF
8154692,DON
8154715,SAF
8154716,SAF
8154717,SAF
8154725,DON
8154731,SAF
8154733,DON
8154734,DON
8154737,SAF
8154743,DON
8154744,DON
8154774,SAF
8154786,SAF
8154790,SAF
8154791,SAF
8154796,SAF
8154806,SAF
8154811,DON
8154813,SAF
8154814,SAF
8154820,SAF
8154822,DON
8154827,SAF
8154829,DON
8154855,SAF
8154856,SAF
8154865,AFO
8154877,DON
8154914,SAF
8154926,DON
8154927,DON
8154930,DON
8154931,DON
8154935,SAF
8154942,DON
8154945,SAF
8154955,DON
8154982,SAF
8155059,DON
8155061,DON
8155063,DON
8155064,DON
8155080,AEL
8155099,AEL
8155102,AWO/UEI
8155150,MRE
8155164,DON
8155171,SIV
8155173,AEL
8155177,AWO/UEI
8155202,MRE
8155245,AWO/UEI
8155284,MRE
8155331,SAF
8155348,DON
8155352,SAF
8155353,SAF
8155357,DON
8155358,SAF
8155359,SAF
8155361,SAF
8155362,DON
8155367,DON
8155380,SAF
8155382,DON
8155383,SAF
8155387,SAF
8155398,DON
8155399,AFO
8155410,SAF
8155447,DON
8155449,DON
8155454,AFO
8155465,AEL
8155528,SIV
8155529,SAF
8155530,SAF
8155544,DON
8155558,SIV
8155570,SIV
8155573,AEL
8155602,AWO/UEI
8155671,MRE
8155676,AWO/UEI
8155734,AWO/UEI
8155743,SZR
8155745,AWO/UEI
8155777,MRE
8155817,AWO/UEI
8155818,AWO/UEI
8155829,AWO/UEI
8155831,AWO/UEI
8155833,APC/APD
8155874,AWO/UEI
8155936,DON
8155949,AWO/UEI
8155955,SZR
8155960,AWO/UEI
8155983,MRE
8156000,SAF
8156019,AWO/UEI
8156025,AWO/UEI
8156053,AEL
8156074,AWO/UEI
8156158,MRE
8156252,MRE
8156253,RWR
8156267,MRE
8156306,MRE
8156382,BOF/LAU
8156460,DON
8156491,DON
8156523,MRE
8156534,AWO/UEI
8156646,AFO
8156670,CGS
8156672,AEI
8156744,SAF
8156797,SAF
8157096,SAF
8157110,SAF
8157246,SAF
8157247,SAF
8157277,SAF
8157278,SAF
8158103,AWO/UEI
8158468,AWO/UEI
8158494,SAF
8158554,SAF
8158557,SAF
8159327,MRE
8159481,AWO/UEI
8160197,APC/APD
8160270,SAF
8160287,APC/APD
8160360,SAF
8160583,AWO/UEI
8160676,AWO/UEI
8160809,SIV
8160857,APC/APD
8160868,SAF
8160885,SAF
8160886,SAF
8160911,SIV
8160927,SIV
8160989,SAF
8161007,APC/APD
8161477,SAF
8161684,AWO/UEI
8162374,AWO/UEI
8162564,AWO/UEI
8162594,AWO/UEI
8162596,AWO/UEI
8162631,SAF
8162641,SIV
8162687,SIV
8162790,SIV
8162931,SAF
8163239,APC/APD
8163690,MRE
8163753,SAF
8163988,PWO
8164036,AWO/UEI
8164052,AWO/UEI
8164191,APC/APD
8164313,APC/APD
8164315,APC/APD
8164441,SIV
8164579,APC/APD
8164583,APC/APD
8164627,SAF
8165101,DON
8165148,DON
8165166,DON
8165177,DON
8165347,DON
8166106,UOZ
8166226,DON
8166227,AEL
8166253,APC/APD
8166271,APC/APD
8166285,APC/APD
8166286,APC/APD
8166413,APC/APD
8166421,APC/APD
8166443,APC/APD
8166467,APC/APD
8166476,APC/APD
8167841,SAF
8167907,APC/APD
8167988,APC/APD
8168015,SIV
8168028,APC/APD
8168037,APC/APD
8168139,APC/APD
8168147,SIV
8168148,AWO/UEI
8168149,AWO/UEI
8168226,AWO/UEI
8168298,AWO/UEI
8168302,AWO/UEI
8168427,APC/APD
8168510,APC/APD
8168536,MER/PHI
8168565,AWO/UEI
8168568,AWO/UEI
8168894,APC/APD
8169122,DON
8170592,APC/APD
8170597,APC/APD
8170611,AHT/ATV
8170624,APC/APD
8170688,APC/APD
8170715,SAF
8170716,SAF
8170727,APC/APD
8170758,SAF
8170766,DON
8170804,SAF
8170831,DON
8170868,MRE
8171245,DON
8171341,SAF
8171399,SAF
8171403,SAF
8171405,SAF
8171418,MRE
8171625,AFO
8171658,APC/APD
8171680,MRE
8171745,DON
8171864,ITE
8172018,MRE
8172030,AHT/ATV
8172034,APC/APD
8172114,MRE
8172122,MRE
8172137,MRE
8172357,AEL
8172713,DON
8172766,AWO/UEI
8172771,AWO/UEI
8172796,SAF
8172806,AEL
8172810,SAF
8172820,DON
8172837,AWO/UEI
8172867,SAF
8172874,SAF
8173035,AEL
8173051,SAF
8173143,AFO
8173229,APC/APD
8173280,SAF
8173382,SAF
8173383,SAF
8173408,MRE
8173503,SAF
8173894,MRE
8174069,APC/APD
8174105,MRE
8174113,AWO/UEI
8174153,AEL
8174224,APC/APD
8174273,MRE
8174275,MRE
8174414,MRE
8174444,AWO/UEI
8174478,APC/APD
8174550,APC/APD
8174669,MRE
8174683,AWO/UEI
8174782,MRE
8174843,MRE
8174880,MRE
8175005,AWO/UEI
8175069,SAF
8175182,SAF
8175185,AWO/UEI
8175219,AWO/UEI
8175222,SAF
8175224,SAF
8175272,APC/APD
8175387,AWO/UEI
8175424,AWO/UEI
8175558,SAF
8175570,SAF
8175625,APC/APD
8175650,AFO
8175689,SAF
8175905,APC/APD
8175951,AWO/UEI
8175977,AFO
8176093,IWR
8176167,AWO/UEI
8176205,AEL
8176212,AEL
8176251,AFO
8176288,AWO/UEI
8176302,AEL
8176428,APC/APD
8176473,APC/APD
8176564,AWO/UEI
8176687,MRE
8176937,AWO/UEI
8176982,MRE
8177309,AEL
8177377,AWO/UEI
8177378,AWO/UEI
8177379,AWO/UEI
8177611,MRE
8177676,AWO/UEI
8177812,AWO/UEI
8177816,AWO/UEI
8177822,AWO/UEI
8177881,AWO/UEI
8177884,SAF
8177886,SAF
8177887,SAF
8177898,SAF
8177899,SAF
8177912,AWO/UEI
8177977,AWO/UEI
8178092,APC/APD
8178115,AWO/UEI
8178169,AWO/UEI
8178251,AWO/UEI
8178360,AFO
8178488,AWO/UEI
8178518,APC/APD
8178540,AWO/UEI
8178592,AWO/UEI
8178603,AWO/UEI
8178641,AWO/UEI
8178664,MRE
8178724,MER/PHI
8178728,SAF
8178738,AWO/UEI
8178771,MRE
8178794,AWO/UEI
8178798,AWO/UEI
8178843,APC/APD
8178855,AWO/UEI
8178857,AWO/UEI
8178862,AWO/UEI
8178964,AWO/UEI
8178981,APC/APD
8178985,APC/APD
8179158,MRE
8179389,APC/APD
8179395,APC/APD
8179453,AWO/UEI
8179980,AFO
8180082,AFO
8180120,CGS
8180136,DON
8180223,ZON
8180332,DON
8180391,MOR
8180437,SIV
8180482,SIV
8180718,SIV
8180782,AFO
8180789,APC/APD
8180796,AEL
8181673,ASV
8181733,ITW
8181830,ASV
8181933,MER/PHI
8182314,SOF
8182322,GON
8182323,GON
8182576,SOF
8182855,APC/APD
8183296,SAF
8183302,APC/APD
8183304,SAF
8183398,AFO
8183412,APC/APD
8183579,MRE
8183593,MRE
8183841,SAF
8183996,SAF
8184024,SAF
8184035,SAF
8184059,SAF
8184096,AFO
8184202,SAF
8184274,APC/APD
8184391,MRE
8184443,SAF
8184496,AWO/UEI
8184670,AWO/UEI
8184691,AWO/UEI
8184801,SZR
8184901,MRE
8185131,SAF
8185146,APC/APD
8185161,SAF
8185205,DON
8185211,DON
8185220,SAF
8185254,APC/APD
8185265,SAF
8185298,APC/APD
8185304,AFO
8185326,AWO/UEI
8185421,SIV
8185422,APC/APD
8185438,SAF
8185440,AWO/UEI
8185447,SIV
8185471,AFO
8185636,BOF/LAU
8185666,DON
8185719,APC/APD
8185760,AWO/UEI
8185766,AHT/ATV
8185849,AWO/UEI
8185864,MRE
8185945,AFO
8185979,SIV
8185991,APC/APD
8186023,MRE
8186096,AWO/UEI
8186099,AWO/UEI
8186199,APC/APD
8186235,APC/APD
8186237,AWO/UEI
8186257,AWO/UEI
8186313,MRE
8186454,MRE
8186493,MRE
8186540,DON
8186629,AWO/UEI
8186675,APC/APD
8186699,MRE
8186718,AEL
8186756,APC/APD
8186783,APC/APD
8186792,APC/APD
8186823,MER/PHI
8186875,AFO
8186915,AWO/UEI
8186944,AWO/UEI
8187013,MRE
8187088,AWO/UEI
8187235,APC/APD
8187349,BOF/LAU
8187392,MON
8187429,CFI
8187553,AEL
8187574,AEL
8187578,APC/APD
8187593,AEL
8187594,AEL
8187598,MRE
8187657,AFO
8187739,ITW
8187774,DON
8187795,ITW
8187843,SIV
8188060,CGF/HEU
8188071,ZON
8188594,AWO/UEI
8188977,AWO/UEI
8189410,MER/PHI
8189898,CAS
8189943,ATN
8189963,AFI/GME
8190020,DON
8190025,DON
8190077,DON
8190079,SAF
8190080,DON
8190081,DON
8190087,DON
8190110,DON
8190117,DON
8190130,MRE
8190188,DON
8190206,DON
8190209,DON
8190234,DON
8190235,DON
8190250,DON
8190254,DON
8190255,DON
8190257,DON
8190259,DON
8190275,SAF
8190279,SAF
8190280,DON
8190291,DON
8190318,MRE
8190341,DON
8190344,DON
8190345,DON
8190349,AFO
8190358,DON
8190417,DON
8190425,DON
8190472,MRE
8190473,MRE
8190515,MRE
8190660,DON
8190667,DON
8190698,DON
8190704,DON
8190720,DON
8190721,DON
8190753,DON
8190820,AFO
8190823,DON
8190825,DON
8190833,DON
8190860,SAF
8190861,DON
8190898,DON
8190948,MRE
8190985,MRE
8190991,SAF
8191001,DON
8191004,DON
8191008,AWO/UEI
8191017,AEL
8191035,AEL
8191095,AWO/UEI
8191183,MRE
8191199,DON
8191205,DON
8191207,DON
8191211,SIV
8191219,AWO/UEI
8191274,MRE
8191275,ESV
8191286,AEL
8191293,AWO/UEI
8191355,MRE
8191359,MRE
8191362,MRE
8191385,DON
8191386,DON
8191408,MRE
8191454,APC/APD
8191459,MRE
8191466,MRE
8191477,MRE
8191524,APC/APD
8191673,SAF
8191689,DON
8191691,DON
8191692,DON
8191696,DON
8191697,AEL
8191715,SIV
8191726,APC/APD
8191728,AFO
8191734,SAF
8191743,DON
8191752,AWO/UEI
8191760,DON
8191834,DON
8191850,AWO/UEI
8191855,SIV
8191859,AFO
8191893,AWO/UEI
8191984,SIV
8191987,DON
8191995,DON
8192001,DON
8192023,AFO
8192043,AWO/UEI
8192064,AWO/UEI
8192191,SIV
8192193,APC/APD
8192217,AWO/UEI
8192221,AEL
8192259,MRE
8192265,AWO/UEI
8192309,MRE
8192421,AWO/UEI
8192425,AWO/UEI
8192427,AWO/UEI
8192472,MRE
8192492,MRE
8192510,APC/APD
8192523,MRE
8192602,MRE
8192630,MRE
8192639,AWO/UEI
8192702,DON
8192791,AWO/UEI
8192829,MRE
8192879,AEL
8192880,AFO
8192890,APC/APD
8192909,MRE
8192914,MRE
8192925,APC/APD
8192944,IFR
8192980,AWO/UEI
8192999,AWO/UEI
8193021,AWO/UEI
8193062,MRE
8193134,MRE
8193185,AWO/UEI
8193203,MRE
8193262,DAC
8193298,MRE
8193308,MRE
8193319,MRE
8193590,AEL
8193620,SIV
8193634,MRE
8193637,AWO/UEI
8193644,APC/APD
8193681,MRE
8193709,MER/PHI
8193967,CGF/HEU
8194309,EZT
8194315,AWO/UEI
8194339,SIV
8194376,APC/APD
8194485,CGS
8194711,AST
8195300,AST
8195335,BOF/LAU
8195746,UOZ
8195747,APC/APD
8195912,BOF/LAU
8196039,APC/APD
8196041,APC/APD
8196074,DON
8196280,SAF
8196287,DON
8196458,SAF
8196532,DON
8196546,JRY
8196558,APC/APD
8196817,SAF
8196876,DON
8196879,SAF
8196919,DON
8197049,SAF
8197120,SAF
8197139,DON
8197254,SAF
8197257,SAF
8197263,AFO
8197278,SAF
8197289,DON
8197321,AEL
8197339,DON
8197507,DON
8197512,DON
8197540,DON
8197594,AFO
8197656,AEL
8197657,AEL
8197726,AEL
8197727,AEL
8197820,AFO
8197831,AWO/UEI
8198095,MRE
8198112,MRE
8198355,DON
8198380,AFO
8198435,SAF
8198507,DON
8198509,DON
8198607,SIV
8198660,SIV
8198675,SIV
8198729,APC/APD
8198819,AWO/UEI
8198990,AWO/UEI
8199076,AEL
8199115,AWO/UEI
8199120,AWO/UEI
8199137,MRE
8199217,APC/APD
8199224,AFO
8199342,AWO/UEI
8199343,AWO/UEI
8199350,AWO/UEI
8199351,AWO/UEI
8199387,AWO/UEI
8199389,AWO/UEI
8199407,APC/APD
8199541,MRE
8199556,AWO/UEI
8199565,APC/APD
8199600,AWO/UEI
8199612,MRE
8199635,AWO/UEI
8199648,MRE
8199658,AWO/UEI
8199753,MRE
8199770,AWO/UEI
8199782,APC/APD
8199807,AWO/UEI
8200066,AWO/UEI
8200147,SAF
8200160,SAF
8200327,APC/APD
8200340,MRE
8200367,APC/APD
8200380,APC/APD
8200393,MRE
8200396,AWO/UEI
8200397,AWO/UEI
8200427,AEL
8200450,ZON
8200604,AWO/UEI
8200869,AFR/SFO
8200997,APC/APD
8201225,APC/APD
8201286,APC/APD
8201290,APC/APD
8201329,MRE
8201374,APC/APD
8201562,DON
8201580,SAF
8201581,SAF
8201587,DON
8201598,MRE
8201615,DON
8201617,DON
8201713,DON
8201723,DON
8201729,DON
8201736,DON
8201771,DON
8201796,DON
8201799,DON
8201806,DON
8201837,DON
8201841,DON
8201865,DON
8201866,DON
8201881,DON
8201883,SAF
8201887,SAF
8201908,DON
8201914,DON
8201916,AFO
8201931,DON
8201942,AEL
8201949,CON
8201983,MRE
8202000,DON
8202003,DON
8202031,AEL
8202034,MRE
8202084,DON
8202263,SAF
8202270,DON
8202276,DON
8202281,SAF
8202313,SIV
8202329,SAF
8202337,MRE
8202349,DON
8202350,AFO
8202352,DON
8202357,SIV
8202386,AFO
8202394,AEL
8202397,SAF
8202422,DON
8202427,AEL
8202456,MRE
8202492,DON
8202528,SIV
8202547,MRE
8202562,AWO/UEI
8202587,AWO/UEI
8202639,DON
8202647,DON
8202648,DON
8202649,DON
8202660,AFO
8202678,AWO/UEI
8202734,MRE
8202827,DON
8202836,MRE
8202837,DON
8202838,AFO
8202857,SOF
8202923,MRE
8203057,MRE
8203062,MRE
8203141,MRE
8203151,MRE
8203330,DON
8203337,SIV
8203339,IFO
8203341,AFO
8203365,DON
8203368,DON
8203384,SIV
8203385,DON
8203386,SIV
8203395,APC/APD
8203406,SIV
8203420,AEL
8203494,AWO/UEI
8203498,SIV
8203500,DON
8203518,DON
8203522,AHT/ATV
8203574,AFN
8203584,AWO/UEI
8203655,DON
8203656,DON
8203660,DON
8203662,DON
8203728,MRE
8203734,AEL
8203800,AWO/UEI
8203864,IFO
8203884,AEL
8203893,MRE
8203920,MRE
8203936,AWO/UEI
8203937,AWO/UEI
8203946,AWO/UEI
8203979,APC/APD
8204037,MRE
8204096,AWO/UEI
8204116,MRE
8204117,MRE
8204119,MRE
8204138,MRE
8204157,MRE
8204223,MRE
8204229,MRE
8204245,APC/APD
8204251,MRE
8204310,MRE
8204452,DON
8204463,AFO
8204482,AWO/UEI
8204491,AWO/UEI
8204532,APC/APD
8204534,AWO/UEI
8204567,AWO/UEI
8204697,AWO/UEI
8204714,AWO/UEI
8204779,AWO/UEI
8204796,AWO/UEI
8204797,AWO/UEI
8205012,MRE
8205016,MRE
8205042,MRE
8205045,AFN
8205047,MRE
8205102,IFR
8205210,MRE
8205231,IFR
8205287,AFR/SFO
8205306,DON
8205323,STF
8205369,MRE
8205378,MRE
8205399,SIV
8205400,AWO/UEI
8205405,MRE
8205414,MRE
8205442,SAS
8205491,UOZ
8205499,IFR
8205504,ITW
8205597,AEI
8205662,SAF
8205665,SAF
8205672,DON
8205735,DON
8205737,DON
8205739,DON
8205745,DON
8205756,DON
8205768,DON
8205930,SAF
8205978,DON
8205980,AFO
8206038,SAF
8206062,SAF
8206063,SAF
8206066,SAF
8206079,SAF
8206103,DON
8206105,DON
8206125,DON
8206126,DON
8206161,SAF
8206165,DON
8206189,SAF
8206196,SAF
8206198,SAF
8206254,DON
8206259,DON
8206312,DON
8206355,SAF
8206358,DON
8206429,DON
8206431,DON
8206471,DON
8206564,MRE
8206579,DON
8206586,DON
8206590,DON
8206667,MRE
8206748,MRE
8206760,MRE
8206774,MRE
8206844,MRE
8206845,MRE
8206953,DON
8206972,DON
8207016,SAF
8207019,DON
8207030,SAF
8207093,DON
8207139,SAF
8207153,DON
8207169,MER/PHI
8207173,DON
8207184,DON
8207185,SAF
8207187,SAF
8207201,DON
8207211,DON
8207231,DON
8207246,AWO/UEI
8207326,SAF
8207350,DON
8207353,DON
8207355,SAF
8207360,DON
8207365,AFO
8207373,SAF
8207444,SAF
8207446,DON
8207447,DON
8207448,DON
8207464,SAF
8207466,SAF
8207470,SAF
8207486,DON
8207551,DON
8207627,AEL
8207665,AWO/UEI
8207734,DON
8207735,SAF
8207737,SAF
8207742,SAF
8207771,AWO/UEI
8207774,DON
8207775,DON
8207898,SAF
8207917,AWO/UEI
8207976,APC/APD
8208150,SAF
8208178,AFO
8208247,MRE
8208343,MRE
8208488,AFO
8208559,MRE
8208561,APC/APD
8208667,MRE
8208707,MRE
8208795,MRE
8208837,MRE
8209085,AWO/UEI
8209096,AWO/UEI
8209104,AWO/UEI
8209110,AFO
8209189,SAF
8209197,AEL
8209198,AEL
8209210,AWO/UEI
8209226,SAF
8209319,DON
8209338,AEL
8209361,DON
8209393,APC/APD
8209454,AWO/UEI
8209458,SAF
8209536,DON
8209558,APC/APD
8209581,AEL
8209584,SIV
8209595,AWO/UEI
8209613,SIV
8209655,AEL
8209712,AWO/UEI
8209777,MRE
8209778,MRE
8209779,MRE
8209782,MRE
8209790,SAF
8209882,SAF
8209912,AWO/UEI
8209960,SIV
8209974,APC/APD
8210015,APC/APD
8210040,AWO/UEI
8210088,APC/APD
8210286,APC/APD
8210524,AFO
8210630,AWO/UEI
8210641,MRE
8210836,AWO/UEI
8210842,AWO/UEI
8210923,MRE
8211008,MRE
8211040,MRE
8211304,AWO/UEI
8211317,AWO/UEI
8211472,AWO/UEI
8211553,AWO/UEI
8211694,APC/APD
8211703,AWO/UEI
8211740,IWR
8211749,APC/APD
8211829,MER/PHI
8211997,AWO/UEI
8212046,APC/APD
8212176,MRE
8212209,MRE
8212234,AWO/UEI
8212240,AWO/UEI
8212243,AWO/UEI
8212267,AWO/UEI
8212271,AWO/UEI
8212386,AWO/UEI
8212420,AFO
8212513,MRE
8212516,MRE
8212542,MRE
8212550,MRE
8212763,MRE
8212772,MRE
8212792,AWO/UEI
8213040,AEL
8213197,DON
8213384,DON
8213407,DON
8213474,POR
8213661,DON
8213701,SOF
8213708,SOF
8213967,MRE
8214161,MRE
8214277,AWO/UEI
8214289,MRE
8214336,ASV
8214590,SZR
8214791,IFR
8215453,WEI
8215478,WEI
8215482,WEI
8215531,WEI
8215555,ITW
8215854,SIV
8215863,SIV
8215868,JSW
8215878,AWO/UEI
8215906,AWO/UEI
8215928,AWO/UEI
8215958,JSW
8215959,JSW
8216128,AWO/UEI
8216315,MER/PHI
8216784,MER/PHI
8216900,DON
8216901,DON
8216911,DON
8216941,DON
8216957,SAF
8216965,DON
8216976,DON
8216987,DON
8217022,DON
8217024,DON
8217026,DON
8217037,DON
8217040,DON
8217046,MRE
8217209,DON
8217210,SAF
8217219,DON
8217232,DON
8217239,DON
8217248,DON
8217255,DON
8217277,DON
8217279,DON
8217287,DON
8217295,SAF
8217296,DON
8217322,DON
8217324,DON
8217325,DON
8217330,DON
8217335,AEL
8217360,DON
8217362,MRE
8217370,DON
8217371,AEL
8217372,DON
8217373,DON
8217427,DON
8217437,DON
8217440,DON
8217446,SAF
8217448,DON
8217453,DON
8217465,DON
8217470,SAF
8217510,MRE
8217521,DON
8217528,DON
8217529,DON
8217537,DON
8217538,DON
8217543,DON
8217567,MRE
8217570,AFO
8217608,DON
8217627,AEL
8217711,MRE
8217811,DON
8217834,DON
8217856,DON
8217900,DON
8217913,DON
8217949,SIV
8217950,DON
8217955,SAF
8217958,SAF
8217964,SAF
8217965,DON
8217966,DON
8217971,DON
8217982,SAF
8217988,DON
8217989,DON
8217990,SAF
8217992,DON
8217999,DON
8218129,DON
8218132,AFO
8218137,DON
8218144,DON
8218147,DON
8218158,DON
8218165,DON
8218166,DON
8218171,DON
8218230,AFO
8218256,AWO/UEI
8218258,SAF
8218350,DON
8218360,DON
8218368,DON
8218369,DON
8218372,DON
8218376,AWO/UEI
8218390,DON
8218415,MRE
8218433,DON
8218448,AFO
8218485,AWO/UEI
8218527,MRE
8218586,DON
8218589,DON
8218591,DON
8218617,AFO
8218641,MRE
8218700,ESV
8218767,MRE
8218787,SOR
8218803,MRE
8218827,AEL
8218841,ESV
8218864,MRE
8218874,MRE
8218878,MRE
8218924,MRE
8218928,MRE
8218944,MRE
8218999,MRE
8219013,MRE
8219095,MRE
8219102,MRE
8219136,MRE
8219148,MRE
8219236,AEL
8219253,DON
8219256,DON
8219264,DON
8219281,AFO
8219287,SAF
8219288,DON
8219309,DON
8219312,DON
8219320,AEL
8219328,AWO/UEI
8219338,DON
8219343,SIV
8219348,DON
8219351,AFO
8219385,DON
8219408,MRE
8219429,SAF
8219433,DON
8219444,DON
8219460,AFO
8219462,AEL
8219467,DON
8219473,DON
8219479,AFO
8219505,SIV
8219643,AWO/UEI
8219684,DON
8219689,SAF
8219690,APC/APD
8219731,AWO/UEI
8219780,AEL
8219783,AEL
8219797,ESV
8219808,AWO/UEI
8219809,AWO/UEI
8219865,BOF/LAU
8219871,AWO/UEI
8219873,AWO/UEI
8219874,AWO/UEI
8219896,MRE
8219907,AWO/UEI
8219912,AWO/UEI
8219985,DON
8219990,DON
8220039,MRE
8220069,MRE
8220104,MRE
8220108,AWO/UEI
8220119,AWO/UEI
8220220,MRE
8220256,AWO/UEI
8220287,AWO/UEI
8220294,AWO/UEI
8220317,MRE
8220325,AWO/UEI
8220330,AWO/UEI
8220348,MRE
8220359,APC/APD
8220477,MRE
8220514,MRE
8220571,MRE
8220584,MRE
8220588,AWO/UEI
8220718,SAF
8220724,AWO/UEI
8220737,AWO/UEI
8220775,AWO/UEI
8220776,SAS
8220791,AWO/UEI
8220821,MER/PHI
8220830,CON
8220870,AEL
8220871,AEL
8220898,MRE
8220945,AWO/UEI
8220983,MRE
8221008,APC/APD
8221056,AWO/UEI
8221079,AWO/UEI
8221106,AWO/UEI
8221110,MRE
8221178,AWO/UEI
8221207,AEN
8221222,MRE
8221226,MRE
8221229,AWO/UEI
8221248,AWO/UEI
8221252,AWO/UEI
8221253,MRE
8221258,APC/APD
8221320,AWO/UEI
8221323,MRE
8221499,DON
8221558,MRE
8221573,MRE
8221585,MRE
8221586,MRE
8221592,MRE
8221621,MER/PHI
8221672,MRE
8221858,MRE
8221859,APC/APD
8222000,BOF/LAU
8222044,DON
8222066,DON
8222067,DON
8222103,DON
8222106,AEL
8222133,MRE
8222135,MRE
8222172,AEL
8222176,SIV
8222244,MRE
8222257,MRE
8222346,AFO
8222357,AEL
8222368,AWO/UEI
8223076,SAF
8223143,SAF
8223321,AET
8223327,AET
8223685,AET
8223686,AET
8224141,AET
8224149,AET
8224257,DON
8224331,AET
8224433,SAF
8224484,SIV
8224616,AET
8224654,AET
8224982,AET
8225424,MOR
8225490,SIV
8226046,SIV
8226413,SIV
8226427,SIV
8226432,SIV
8226447,SIV
8226608,DON
8226774,SIV
8226775,SIV
8227439,AWO/UEI
8227735,SIV
8227822,SAF
8227869,SIV
8227990,SIV
8228008,MER/PHI
8228010,SAF
8228394,MRE
8228818,SAF
8229099,CDO/FER
8229198,SIV
8230639,SIV
8231107,STI
8231167,SIV
8231897,SIV
8231980,SIV
8232046,SIV
8233294,MER/PHI
8233298,MER/PHI
8233640,DON
8233752,AET
8233755,SAF
8234234,AET
8236259,AET
8236262,AET
8236362,AET
8236947,AWO/UEI
8237268,IWR
8237823,DON
8238278,SIV
8238452,AWO/UEI
8238970,AET
8238994,SAF
8239018,AET
8239035,AET
8239423,SAF
8239460,IWR
8239666,AET
8239742,SIV
8240185,AET
8240324,SIV
8241960,SIV
8241963,AET
8242068,SIV
8242103,AWO/UEI
8242359,APC/APD
8242616,AWO/UEI
8242974,SAF
8243773,AET
8243786,SAF
8243858,DON
8244343,AWO/UEI
8244426,AET
8244427,SAF
8245829,AWO/UEI
8245877,SAF
8246415,SAF
8246425,SAF
8246485,SAF
8246581,SAF
8246613,SIV
8247251,SIV
8248297,AST
8248411,SIV
8250237,SAF
8250279,SAF
8250397,SAF
8251619,SAF
8251691,SIV
8251767,SIV
8251797,SAF
8252288,SAF
8253085,EWS
8254983,AEI
8255084,MER/PHI
8257549,STI
8257685,IWV
8257708,NES
8259506,MTN
8259847,AET
8259857,AFO
8260118,CDO/FER
8260132,CDO/FER
8260252,AET
8260261,AET
8260848,DON
8261306,AET
8261454,AET
8263321,AET
8263322,AET
8263348,AET
8263363,AET
8263712,AET
8263717,AET
8263762,SIV
8263844,SIV
8263848,SIV
8263865,SIV
8263910,SIV
8264209,SIV
8264248,SIV
8264888,SIV
8265851,AET
8266021,AWO/UEI
8266341,SIV
8266499,AET
8266512,AEL
8266886,SAF
8268077,STI
8268557,SAF
8268605,SIV
8268671,SIV
8268714,AEI
8269380,SAF
8269672,SIV
8271436,AST
8271535,MER/PHI
8271696,DON
8271840,SAF
8272261,AET
8272418,AET
8272450,AET
8272660,AET
8272672,AET
8272674,AET
8272682,AET
8272691,DON
8273074,AET
8273219,AET
8273252,SAF
8273495,AET
8273499,AET
8273528,BOG
8273714,AET
8273749,AFO
8273766,DON
8274423,AET
8274585,AET
8274606,SAF
8274643,SAF
8274816,SIV
8274874,SIV
8275096,DON
8275441,MOR
8275895,SAF
8276007,SIV
8276010,SIV
8276908,SIV
8276915,SIV
8276918,SIV
8276920,SIV
8277004,MRE
8277213,AET
8277306,APC/APD
8277419,RTH
8277490,APC/APD
8277502,APC/APD
8277503,APC/APD
8277726,RWR
8277922,VET
8278173,RWR
8278490,MER/PHI
8278632,APC/APD
8278648,APC/APD
8278674,APC/APD
8278677,APC/APD
8278739,MER/PHI
8278899,APC/APD
8278932,MER/PHI
8279099,ITH
8279624,ASV
8280805,APC/APD
8281359,ACO/GIS/LTJ
8281752,ACO/GIS/LTJ
8282241,APC/APD
8282545,APC/APD
8283170,BOF/LAU
8283924,ASV
8283993,UOZ
8284102,APC/APD
8284212,APC/APD
8284980,RWR
8286138,WEI
8286174,PWO
8286486,APC/APD
8286491,APC/APD
8286497,APC/APD
8286510,APC/APD
8286524,APC/APD
8286538,APC/APD
8286578,APC/APD
8286670,APC/APD
8286699,APC/APD
8286741,APC/APD
8286850,APC/APD
8286868,APC/APD
8286909,APC/APD
8286926,APC/APD
8286927,APC/APD
8286977,AHT/ATV
8286982,APC/APD
8286990,APC/APD
8286991,APC/APD
8287019,AHT/ATV
8287034,APC/APD
8287112,APC/APD
8287118,APC/APD
8288140,KFI
8289352,MRT
8290195,IFY
8291870,SAV
8292077,ASV
8292078,RHO
8292907,ISV
8293005,APC/APD
8295367,POS
8295368,POS
8295849,RHO
8295977,ASV
8296330,RHO
8297384,SBE
8299034,LEV
8299208,SAT
8299356,VFI
8299366,EAB
8299398,VFI
8299411,ERI
8300741,AVL
8300797,LIO
8300801,LTL
8300806,AFX
8300946,AFI/GME
8300961,ETR
8301390,SSF
8301438,MAZ
8301654,MAZ
8302262,FRA
8302277,TOL
8302535,AFS
8302987,SFW
8303265,VFI
8303339,AHT/ATV
8303783,LTA
8303855,MEI
8303938,VFI
8303954,VFI
8303961,AFI/GME
8304021,ACO/GIS/LTJ
8305358,STW
8307379,AFG
8307424,EMT
8307905,MAR
8308300,VFI
8308733,BPH
8308774,ITT
8309099,SBS
8312705,SWY
8313036,AFT
8313382,RHO
8313420,ANA